sample_id,context,label_value,label_name,resp_0,resp_1,resp_2,resp_3,resp_4,metric_abs_hds_mean,metric_abs_hds_std,metric_averaged_cosine_similarity,metric_averaged_distinct_ngrams,metric_bert_score,metric_bert_sts,metric_sent_bert,metric_icl_E_gpt2,metric_icl_E_rate_gpt2,metric_icl_C_gpt2,metric_icl_D_gpt2,metric_icl_D_rate_gpt2,metric_icl_E_gpt2_std,metric_icl_E_rate_gpt2_std,metric_icl_C_gpt2_std,metric_icl_D_gpt2_std,metric_icl_D_rate_gpt2_std
test.enc.prompt.txt::01240,Not if it,1.0,content_diversity,it's the wrong way to do it.,hurts someone.,cannot be explained logically.,doesn't work.,cannot be completed on time.,4.389,0.393,-0.015,0.967,-0.319,-0.656,-0.477,5.430799,0.306728,0.569379,3.092180,0.174644,39.008941,0.920724,0.000000,22.210856,0.524241
test.enc.prompt.txt::01241,But I would,0.0,content_diversity,teach you how to do it.,help you learn how to do it.,instruct you.,coach you.,explain to you how to do it.,1.833,0.471,-0.185,0.667,-0.496,-0.887,-0.594,16.101921,0.943057,0.566180,9.116581,0.533940,18.668854,0.628349,0.000000,10.569926,0.355759
test.enc.prompt.txt::01245,During the road,0.0,content_diversity,you cant get distracted,you should remain focused,you can't sleep,you need to focus,you can't lose control,2.444,0.685,-0.067,0.733,-0.354,-0.775,-0.589,7.825201,0.564457,0.481872,3.770745,0.271996,23.342839,0.804477,0.000000,11.248259,0.387655
test.enc.prompt.txt::01246,Your mind kept,0.0,content_diversity,i like to make you think about stuff,stop and think,gotta think first,think before anything else,always think about it,2.111,0.737,-0.058,0.943,-0.117,-0.866,-0.412,4.291976,0.286690,0.577838,2.480068,0.165661,48.989000,0.865911,0.000000,28.307718,0.500356
test.enc.prompt.txt::01247,But you haven't,0.0,content_diversity,obtained a way to get paid,started working anywhere,gotten off of unemployment,becomea  productive member of society,found a legitimate way to make money,3.056,0.831,-0.017,0.958,-0.121,-0.742,-0.421,11.378328,0.476362,0.463495,5.273802,0.220792,72.475566,1.660029,0.000000,33.592088,0.769416
test.enc.prompt.txt::01252,It seems your,1.0,content_diversity,"dress is on backwards, Miss.",checking account has been overdrawn.,adorable cat has taken quite a liking to me!,actions have gotten you a first class seat in detention.,party doesn’t have quite as many people as we’d expected.,4.778,0.416,-0.009,0.974,-0.105,-0.601,-0.125,-12.967300,-0.087361,0.427836,-5.547882,-0.037376,120.006093,1.750675,0.000000,51.342968,0.749002
test.enc.prompt.txt::01256,Why do you,1.0,content_diversity,think is was,always do that,not think first,not like me,eat that first,3.667,0.408,-0.027,0.547,-0.154,-0.637,-0.249,5.320133,0.311286,0.412647,2.195339,0.128451,21.824642,2.084248,0.000000,9.005879,0.860059
test.enc.prompt.txt::01259,Where the hell,1.0,content_diversity,did you find these socks,do you think we're going,did you get these scars,do you think we should take him,did you leave your phone,4.611,0.458,-0.089,0.885,-0.266,-0.667,-0.282,10.009615,0.389646,0.535426,5.359406,0.208626,22.405236,1.023764,0.000000,11.996341,0.548150
test.enc.prompt.txt::01265,"Eve, I don't",0.0,content_diversity,think you want to make any rash decisions.,know why you don't want to think this through.,think you should rush this decision.,know why you need to make such a sudden decision.,know why you need to make a hasty decision.,2.000,0.645,-0.147,0.774,-0.476,-0.934,-0.636,29.689914,0.712958,0.500256,14.852550,0.356661,22.854749,0.693244,0.000000,11.433220,0.346799
test.enc.prompt.txt::01266,Get out of,1.0,content_diversity,my house!,here scoundrel!,"the car, right now.",there.,"there, it's going to blow.",3.889,0.393,0.000,1.000,-0.242,-0.670,-0.221,8.964254,0.971090,0.308280,2.763497,0.299367,49.150546,1.876394,0.000000,15.152110,0.578454
test.enc.prompt.txt::01267,"Say,...did you just",1.0,content_diversity,say what I think you did?,see that in the sky or was it just me?,pick up my cup of coffee by mistake?,Turn off the TV? I was watching that!,Cut in line? That'svery rude you know.,4.889,0.208,-0.013,0.974,-0.003,-0.644,-0.158,0.610085,0.015584,0.395800,0.241472,0.006168,73.447281,1.459397,0.000000,29.070441,0.577630
test.enc.prompt.txt::01273,Watching television in,1.0,content_diversity,my underwear.,my room.,my parent's bedroom.,my car.,my living room.,3.857,0.742,-0.094,0.517,-0.515,-0.766,-0.382,14.582682,1.255465,0.299354,4.365382,0.375828,21.812680,1.300499,0.000000,6.529710,0.389309
test.enc.prompt.txt::01278,I didn't know,1.0,content_diversity,"you like boys, i'm not homophobic btw",you are a virgin,you can't swim,you are such a good student,you don't have any friends,4.389,0.737,-0.056,0.942,-0.218,-0.668,-0.176,3.881833,0.537130,0.440503,1.709959,0.236607,94.642818,2.095180,0.000000,41.690437,0.922933
test.enc.prompt.txt::01285,Why?! I think,1.0,content_diversity,I may like it here.,the brown color looks better than the blue.,cats are better pets than dogs.,she is far prettier than your wife.,it is raining outside.,4.778,0.478,-0.019,0.960,-0.241,-0.593,-0.194,9.135583,0.001116,0.452432,4.133228,0.000505,38.626642,1.805215,0.000000,17.475917,0.816736
test.enc.prompt.txt::01286,"Yes, I have",1.0,content_diversity,been waiting for you a long time,many friends,the newest technology,parents who support me,an umbrella here,4.889,0.314,0.000,1.000,-0.034,-0.548,-0.180,1.134371,0.000077,0.542087,0.614928,0.000042,29.885801,1.866968,0.000000,16.200716,1.012060
test.enc.prompt.txt::01287,No. I admire,1.0,content_diversity,you and your efforts,what you do,that you are good,everything about you,your skills,2.833,0.408,-0.042,0.750,-0.272,-0.717,-0.552,4.763592,0.235113,0.561296,2.673784,0.131968,27.154693,1.165348,0.000000,15.241814,0.654105
test.enc.prompt.txt::01289,"Adam...dumb question, but",0.0,content_diversity,do you think we could end up together,do you think we can be a couple,do you think we can be in a relationship,do you think we could be romantic partners,do you think we could be lovers,1.889,0.515,-0.416,0.579,-0.770,-0.973,-0.816,29.847220,0.788601,0.516447,15.414500,0.407270,15.447590,0.335257,0.000000,7.977858,0.173142
test.enc.prompt.txt::01292,We can make,0.0,content_diversity,the plan successful.,proposal great.,design really good.,the work get done.,plan work out.,2.889,0.875,-0.018,0.760,-0.435,-0.791,-0.507,16.547550,0.827647,0.374194,6.192000,0.309701,14.961979,0.763664,0.000000,5.598688,0.285759
test.enc.prompt.txt::01294,Helen-Thomas-Webber! Maybe we,1.0,content_diversity,can ask her!,can get in touch with her.,can call her.,should find her.,include her.,2.611,0.875,-0.054,0.941,-0.612,-0.821,-0.641,23.176675,1.542144,0.322245,7.468579,0.496949,27.867949,1.945873,0.000000,8.980320,0.627049
test.enc.prompt.txt::01305,Unless we get,1.0,content_diversity,"our revenge, I give up","his notes, it is not possible","the files, we can't succeed","the weather forecast, we can't be sure","our hands on drugs, we can't be profitable",4.611,0.393,-0.045,0.922,-0.267,-0.657,-0.276,5.654124,0.433344,0.375699,2.124249,0.162807,45.612661,0.771422,0.000000,17.136630,0.289822
test.enc.prompt.txt::01313,We stay down,1.0,content_diversity,"we stay alive, it's as simple as that.",south for the first week the north the second.,"at the lakeside, we've been here about a fortnight.","town in the swankiest hotel there is, we deserve it!","where the pollution is the thinnest, its healthier that way,",4.333,0.527,-0.032,0.961,0.002,-0.634,-0.140,2.692155,0.133655,0.397246,1.069447,0.053094,71.270994,0.786386,0.000000,28.312099,0.312389
test.enc.prompt.txt::01318,"Stop it, you",0.0,content_diversity,sorry this is off limits,you cant come into here,"you cant go in, sorry",sorry you are not allowed,you cannot come in,1.444,0.369,-0.051,0.931,-0.339,-0.790,-0.690,27.474755,1.227121,0.411483,11.305382,0.504939,27.073221,1.072969,0.000000,11.140158,0.441508
test.enc.prompt.txt::01320,It means that,1.0,content_diversity,we get to go today,we should rethink everything,you should be more careful,try again,go home,3.889,0.875,-0.015,0.967,-0.168,-0.672,-0.224,8.348984,0.167110,0.497790,4.156041,0.083186,61.405671,2.733305,0.000000,30.567127,1.360612
test.enc.prompt.txt::01331,"To your health,",0.0,content_diversity,you should avoid junk food,you need to avoid burgers,you shouldn't be eating fast food,don't eat junk food,you better avoid processed food,2.167,0.408,-0.070,0.918,-0.569,-0.866,-0.754,11.596084,0.477776,0.524196,6.078622,0.250448,31.607978,0.942732,0.000000,16.568780,0.494177
test.enc.prompt.txt::01332,"Frank, I have",1.0,content_diversity,a question for you,been waiting for you 30 minutes,something to tell you,a juicy gossip to tell you,a practice today so I can't go with you,3.611,0.393,-0.082,0.902,-0.121,-0.726,-0.198,-12.696924,-0.149644,0.512562,-6.507964,-0.076702,97.422540,2.106489,0.000000,49.935116,1.079706
test.enc.prompt.txt::01337,Yes it's me!!!,1.0,content_diversity,i am here,who did it,i am the 1,hello everyone,hi there,3.611,1.021,-0.020,0.749,-0.283,-0.617,-0.437,7.113015,0.641235,0.479528,3.410891,0.307490,23.907464,2.443504,0.000000,11.464304,1.171729
test.enc.prompt.txt::00350,"Yeah, I study",0.0,content_diversity,to get an A,To have the highest score possible,to get good grades,for my exams,for better grade in my exam,2.250,0.433,-0.026,0.954,-0.287,-0.775,-0.412,1.139944,0.362838,0.419551,0.478265,0.152229,48.840805,1.208340,0.000000,20.491228,0.506961
test.enc.prompt.txt::00352,"Mr. President, it's",1.0,content_diversity,raining outside,time to go,not within your jurisdiction,the President of France,wife on the phone,4.389,0.657,-0.005,0.788,-0.144,-0.544,-0.109,4.049998,0.121156,0.615220,2.491640,0.074538,33.222329,0.843169,0.000000,20.439043,0.518734
test.enc.prompt.txt::00354,"Uh, we got",1.0,content_diversity,a ticket from that cop that pulled us over.,suspended from school for our senior day prank.,two tickets for the Superbowl so only we can go.,arrested for drinking in public in San Antonio last weekend.,in trouble for getting bad grades and now we are both grounded.,4.312,0.827,-0.019,0.967,-0.189,-0.630,-0.209,7.849779,0.297886,0.432427,3.394458,0.128814,70.412467,1.014265,0.000000,30.448268,0.438596
test.enc.prompt.txt::00369,Thank you for,1.0,content_diversity,Telling me I have the best smile you have seen all day,Stopping to help that older woman cross the street,Helping to watch the kids while I run errands,taking me out to dinner,all the work you have done for the team.,4.688,0.556,-0.038,0.940,-0.057,-0.586,-0.112,14.114147,0.350097,0.491669,6.939494,0.172132,70.054621,0.793231,0.000000,34.443714,0.390008
test.enc.prompt.txt::00371,With all due,1.0,content_diversity,"respect, no.","respect, you are wrong.","respect, that's a lie.","respect, you are a robot.","respect, that isn't a car.",3.786,0.647,-0.095,0.873,-0.448,-0.897,-0.559,12.723911,0.616212,0.387066,4.924993,0.238515,36.923901,1.148468,0.000000,14.291984,0.444533
test.enc.prompt.txt::00373,It's got to,1.0,content_diversity,"be right, I mean I went over it a hundred times.",the biggest highlight of my career.,be perfect with 100% precision.,the most hilarious thing I've ever seen.,be drilled into your mind that that is the way it's done.,4.389,0.698,-0.014,0.971,-0.145,-0.674,-0.361,-9.246513,0.171857,0.471610,-4.360752,0.081049,91.263006,1.314576,0.000000,43.040590,0.619968
test.enc.prompt.txt::00374,His name's David,1.0,content_diversity,so he must be the one we are looking for,he was named from the Bible,he is named after his father,that must be a family name because it is not a modern name,he is the convict I heard about,4.000,0.624,-0.044,0.932,-0.077,-0.661,-0.286,-1.556011,-0.124398,0.500529,-0.778829,-0.062265,58.873580,1.293887,0.000000,29.467931,0.647628
test.enc.prompt.txt::00376,I've never used,0.0,content_diversity,I get lost a lot but still haven't take the time to figure out the GPS.,I use maps instead of the GPS.,"I sometimes pull up Google maps on my phone, but don't use the GPS.","I have a great sense of direction, so I just drive off and don't try to figure out how to get somewhere.",I need to have my brother show me how to set up the GPS in my car.,2.389,1.074,-0.079,0.901,-0.347,-0.887,-0.299,26.318295,0.446844,0.397637,10.465118,0.177682,86.866101,0.555904,0.000000,34.541141,0.221048
test.enc.prompt.txt::00381,For the best,0.0,content_diversity,i have no choice but to go to gym,i have some new clothes i must try on not with all this fat,well the physiotherapist recommended it,at least the ladies will love my new abs,my self esteem would finally be restored after this,3.778,0.533,-0.015,0.960,-0.115,-0.608,-0.242,18.577979,0.484129,0.411572,7.646185,0.199254,85.758267,0.962412,0.000000,35.295743,0.396102
test.enc.prompt.txt::00388,A couple eggs,1.0,content_diversity,hatched yesterday on the farm.,would make the perfect size omelette.,will be needed for this cake.,were violently thrown at the house.,were colored by the kids for Easter.,4.500,0.527,-0.026,0.967,-0.224,-0.548,-0.155,4.121768,0.204338,0.430218,1.773260,0.087910,45.451025,0.956885,0.000000,19.553860,0.411669
test.enc.prompt.txt::00389,He's carrying a,0.0,content_diversity,bag of enchanted stones out of plain view,bag of unusual trinkets unbeknownst to his peers,bag with high quality items in a secret compartment,bag with sacred jewels hidden,"bag with ideal jewels, stowed away",2.444,0.598,-0.055,0.936,-0.252,-0.877,-0.587,23.085301,0.471841,0.379348,8.757361,0.178992,61.217348,1.340668,0.000000,23.222673,0.508580
test.enc.prompt.txt::00392,"Say, isn't that",0.0,content_diversity,something you've told me a million times.,information which is of no use to me at all.,interesting and absolutely worthless.,about the dumbest thing I've ever heard.,"nice, if it actually had any impact on me whatsoever.",3.333,0.816,-0.007,0.989,-0.124,-0.627,-0.343,-1.899039,0.097616,0.550000,-1.044472,0.053689,63.594294,0.906374,0.000000,34.976888,0.498506
test.enc.prompt.txt::00396,...but after...awhile...you begin,1.0,content_diversity,to get tired of the whole thing,"to get used to it, and it gets easier and easier","to bleed, and you have to go to the hospital",to understand why she did the things she did,to know what your true life's passion is,4.333,0.624,-0.051,0.923,-0.219,-0.678,-0.162,5.820120,0.049687,0.491599,2.861166,0.024426,53.634502,1.262114,0.000000,26.366680,0.620454
test.enc.prompt.txt::00407,"Excuse me, sir.",1.0,content_diversity,You said I was mad.,You wanted to have a good time with me.,You asked me what to do around here.,Please stop staring at me.,I have a weight issues.,4.222,0.533,-0.033,0.943,-0.337,-0.679,-0.188,5.671363,-0.100109,0.475762,2.698217,-0.047628,39.466609,1.955782,0.000000,18.776699,0.930486
test.enc.prompt.txt::00417,She's going to,0.0,content_diversity,makes me cry when i see the faul ball.,take my innerds and make curry of them all.,teach my that crying is for kids.,why i should choose gum as i cry.,Why i don't go to a ball game.,4.111,0.657,-0.018,0.971,-0.180,-0.686,-0.186,32.866132,0.894014,0.269560,8.859385,0.240990,92.213705,1.758543,0.000000,24.857100,0.474032
test.enc.prompt.txt::00426,"First squad up,",0.0,content_diversity,this is going to be a festive time.,this will be enjoyable.,i am very happy about this.,we are excited about this.,I can't wait to make this happen.,2.389,0.614,-0.049,0.945,-0.359,-0.809,-0.642,9.399565,0.459929,0.516131,4.851405,0.237383,30.913743,0.664251,0.000000,15.955535,0.342841
test.enc.prompt.txt::00427,Flame-units only. I,0.0,content_diversity,Smoke extends into the atmosphere.,Crowds gather to watch the spectacle as firemen arrive.,People stand in awe and smoke escapes from the residence.,An ambulance arrives promptly at the scene.,People are dismayed as they hear sirens in the distance.,2.667,0.816,-0.032,0.966,-0.313,-0.721,-0.296,24.540426,0.459936,0.485429,11.912628,0.223266,47.086458,0.477803,0.000000,22.857119,0.231939
test.enc.prompt.txt::00435,You've been doing,0.0,content_diversity,good therapy with the sad family members.,"a sort of Karma building thing, helping people who have dead relatives.","helping behavior, allowing people to work through stages of death.","family therapy, focusing on profound loss.","something to help pastors, add support to those left by dead.",2.778,1.030,-0.014,0.970,-0.268,-0.822,-0.376,16.936746,0.265294,0.386902,6.552855,0.102643,102.936775,1.036790,0.000000,39.826411,0.401136
test.enc.prompt.txt::00437,Looks like you,1.0,content_diversity,did not get the memo!,got up on the wrong side of the bed today,have your work cut out for you with this one,could use a big hug,had a fun weekend,4.750,0.433,-0.010,0.982,0.010,-0.603,-0.157,16.154856,0.205652,0.470489,7.600680,0.096757,43.586526,0.522690,0.000000,20.506975,0.245920
test.enc.prompt.txt::00446,They'd be here,1.0,content_diversity,if they weren't dead.,if they really cared.,again.,if you let them.,tomorrow.,3.889,0.809,-0.027,0.735,-0.432,-0.691,-0.301,10.340691,0.752030,0.515909,5.334854,0.387979,38.622560,1.864022,0.000000,19.925723,0.961665
test.enc.prompt.txt::00792,I want you,1.0,content_diversity,to know,more than anything,LIKE YESTERDAY,to tell me the time,to call me later,3.889,1.197,-0.022,0.963,0.002,-0.652,-0.327,3.140499,0.189815,0.521158,1.636697,0.098923,24.001224,1.091751,0.000000,12.508431,0.568975
test.enc.prompt.txt::00795,May I help,1.0,content_diversity,with that heavy box,you with your homework,his dad? he looks tired,building new house,with food rationing? I could volunteer,4.500,0.667,-0.013,0.982,-0.118,-0.577,-0.138,-5.311722,0.268480,0.391697,-2.080583,0.105163,78.677184,1.630574,0.000000,30.817579,0.638690
test.enc.prompt.txt::00806,Not so much,1.0,content_diversity,lately,"sugar, it is too sweet","time, you should be done sooner","perfume, it doesn't smell good","money, it is too expensive",4.667,0.471,-0.037,0.925,-0.264,-0.670,-0.212,25.615488,0.912927,0.573465,14.689590,0.523532,48.236198,1.515958,0.000000,27.661779,0.869349
test.enc.prompt.txt::00811,The Prospero Project,0.0,content_diversity,isn't good at all,in my honest opinion is worthless,isn't relevant,shouldn't be considered good,is not worth at all,2.214,0.647,-0.030,0.940,-0.238,-0.710,-0.683,13.904114,0.643677,0.439836,6.115527,0.283112,34.088094,1.027851,0.000000,14.993164,0.452085
test.enc.prompt.txt::00824,Privately owned by,1.0,content_diversity,the Gates family.,whoever wants to own it.,them and you cannot trespass.,that old family and rumored to be haunted.,the people that lost their son in the war.,4.389,0.774,-0.020,0.960,-0.206,-0.612,-0.177,9.012983,0.273129,0.386978,3.487826,0.105695,59.778901,1.752909,0.000000,23.133118,0.678337
test.enc.prompt.txt::00825,You're not venturing,0.0,content_diversity,around the forest without me.,into the woods alone without protection.,around the wilds of Alaska without the rest of the team.,"out, into the wilderness, alone.","alone, into a wild area filled with bears.",2.562,0.464,-0.060,0.918,-0.431,-0.810,-0.602,22.627800,0.486073,0.447004,10.114707,0.217276,60.341696,0.796496,0.000000,26.972952,0.356036
test.enc.prompt.txt::00827,I was hoping,1.0,content_diversity,you could take me out for a dinner,i wouldn't have to see him,you could borrow me some money,he has changed,i wouldn't have to do whole project by myself,4.750,0.250,-0.045,0.897,-0.175,-0.630,-0.187,-1.673218,0.291208,0.483677,-0.809297,0.140850,69.630055,0.933983,0.000000,33.678448,0.451746
test.enc.prompt.txt::00827,I was hoping,0.0,content_diversity,you could lend me money,i could borrow money from you,you can give me some money,"you can lend me money, I'll pay you back",you can give me money and I'll pay back,1.833,0.745,-0.133,0.819,-0.558,-0.963,-0.820,-1.673218,0.291208,0.483677,-0.809297,0.140850,69.630055,0.933983,0.000000,33.678448,0.451746
test.enc.prompt.txt::00833,I don't want,0.0,content_diversity,to be with you,go out on a date with you,to date you,have a date with you,to go anywhere with you,1.857,0.515,-0.158,0.788,-0.407,-0.839,-0.548,13.319837,0.894238,0.457275,6.090834,0.408913,24.238201,1.491079,0.000000,11.083533,0.681834
test.enc.prompt.txt::00834,I'm ready to,0.0,content_diversity,let it go when you apologise,forgive when you say sorry,forgive when you apologise to me,let it go once you apologise,let it go if you say sorry first,1.643,0.350,-0.178,0.758,-0.507,-0.906,-0.742,33.674243,1.189955,0.432338,14.558648,0.514463,36.737258,1.061436,0.000000,15.882905,0.458899
test.enc.prompt.txt::00841,"Cole, we've got",1.0,content_diversity,a big problem.,lots of money on hand.,a ton of vacation time to take.,to fire him.,the crown jewels.,4.857,0.226,-0.012,0.971,-0.262,-0.622,-0.210,16.592855,0.467043,0.395288,6.558957,0.184617,42.672717,1.556670,0.000000,16.868014,0.615333
test.enc.prompt.txt::00857,Screw you... Screw,0.0,content_diversity,screw all of the existence of everything i guess,you and everyone else can go away,"screw me, i did it again","you, you'r a screw up","i cant , so screw you",3.375,1.083,-0.030,0.958,-0.012,-0.768,-0.391,0.229468,-0.024098,0.334316,0.076715,-0.008056,44.932796,2.107044,0.000000,15.021771,0.704419
test.enc.prompt.txt::00859,Sounds swell... I'm,1.0,content_diversity,heading there myself,gonna get going,not very interested..,really tired so goodbye,really hungry,4.000,0.408,-0.007,0.787,-0.107,-0.633,-0.259,12.440312,0.549908,0.494333,6.149657,0.271837,43.219825,1.512191,0.000000,21.364986,0.747526
test.enc.prompt.txt::00859,Sounds swell... I'm,0.0,content_diversity,on my way there,going there myself,leaving to go there right after,going up there too,leaving to go there too,1.938,0.165,-0.107,0.809,-0.246,-0.870,-0.556,12.440312,0.549908,0.494333,6.149657,0.271837,43.219825,1.512191,0.000000,21.364986,0.747526
test.enc.prompt.txt::00862,What can I,1.0,content_diversity,"say, I've got the best family",do to help out a little more,give you to find out about the hotel,"have, are there choices?",every do to repay you?,4.500,0.471,-0.022,0.959,-0.090,-0.656,-0.251,8.189130,0.015942,0.345547,2.829728,0.005509,17.520050,1.441454,0.000000,6.053999,0.498090
test.enc.prompt.txt::00864,You want to,1.0,content_diversity,put all the ingredients in the bowl first.,go to the park while it's warm out?,go to dinner with all of us?,make sure the edges are straight before cutting.,do all that you can to make sure it's correct.,4.611,0.393,-0.041,0.935,-0.080,-0.653,-0.198,18.224101,0.740765,0.451322,8.224942,0.334324,18.644808,0.799147,0.000000,8.414816,0.360673
test.enc.prompt.txt::00867,You're all under,0.0,content_diversity,the insurance coverage,protection in time of need.,the insurance protection,the same plan,the protection of your policy,1.778,0.416,-0.070,0.912,-0.226,-0.813,-0.393,13.076052,0.678954,0.454602,5.944400,0.308654,33.599160,2.009125,0.000000,15.274248,0.913353
test.enc.prompt.txt::00869,I'm not really,0.0,content_diversity,interested in buying this,in the market for your product,considering buying,in a position to buy anything,seeing a need to buy this,1.938,0.165,-0.037,0.931,-0.262,-0.854,-0.649,12.164593,0.490498,0.516864,6.287435,0.253521,38.242674,1.350827,0.000000,19.766246,0.698193
test.enc.prompt.txt::00872,How the hell,1.0,content_diversity,did he get here before me,do you lose a dog,is this possible,can you be late every single day,did he break free from solitary,4.722,0.342,-0.014,0.969,-0.148,-0.596,-0.318,-5.400972,0.013802,0.434507,-2.346760,0.005997,47.450668,1.420568,0.000000,20.617647,0.617247
test.enc.prompt.txt::00880,"Jesus, it's too",1.0,content_diversity,"big, it's not going to fit.",much to do in a short time,hard to make them all straight,cold to do anything outside,long of a show to sit through,4.389,0.515,-0.043,0.954,-0.117,-0.632,-0.343,-3.726247,-0.127586,0.471009,-1.755095,-0.060094,34.504812,1.098126,0.000000,16.252074,0.517227
test.enc.prompt.txt::00884,"-- Stephen, wait",0.0,content_diversity,your doing it wrong,you didn't do it right,that's not how you do it,it's not correct,your doing it incorretly.,1.938,0.726,-0.076,0.875,-0.301,-0.795,-0.671,-2.937900,0.025118,0.466083,-1.369306,0.011707,91.901385,3.436389,0.000000,42.833682,1.601643
test.enc.prompt.txt::00885,Don't tell them,0.0,content_diversity,no problem my lips are sealed,cool i get to keep a secret,ok no telling from me,why can't i tell again?,i will definetly not tell anyone,3.000,0.577,-0.017,0.972,-0.102,-0.709,-0.379,10.555722,0.664450,0.385649,4.070803,0.256245,24.021463,0.779743,0.000000,9.263852,0.300707
test.enc.prompt.txt::00889,Will you please,0.0,content_diversity,quit bothering me,end your constant attempts to upset me,desist in attacking my emotions,leave me alone,kill all the annoying things your are doing,2.889,0.614,-0.018,0.977,-0.195,-0.729,-0.504,5.569143,0.393035,0.507608,2.826942,0.199508,82.770983,1.548420,0.000000,42.015219,0.785990
test.enc.prompt.txt::01574,"Oh, I'm sorry.",1.0,content_diversity,I shouldn't have said that,I didn't know that,"however, you can still help",i thought that was your grandma,i will never do it again,3.944,0.797,-0.020,0.969,-0.097,-0.602,-0.227,1.473290,0.018281,0.584166,0.860646,0.010679,35.382180,0.821176,0.000000,20.669065,0.479703
test.enc.prompt.txt::01574,"Oh, I'm sorry.",0.0,content_diversity,I could apologise,I should have rephrased it,i should have wrapped it up different,It would be better if I kept my mouth shut,I had to be quiet,3.500,0.782,-0.041,0.945,-0.211,-0.693,-0.345,1.473290,0.018281,0.584166,0.860646,0.010679,35.382180,0.821176,0.000000,20.669065,0.479703
test.enc.prompt.txt::01578,I just thought,0.0,content_diversity,it would be my secret forever.,I could take it to my grave,it was long buried and gone.,the vault would keep it safe.,it was between me and my gods.,2.833,0.943,-0.054,0.936,-0.255,-0.732,-0.278,20.958218,0.768903,0.395829,8.295864,0.304354,19.933070,0.704975,0.000000,7.890081,0.279049
test.enc.prompt.txt::01586,Most guys tuck,1.0,content_diversity,"their shirt in these days, its the fashion.",into their food too quickly.,their gear under the bed but you can use that cupboard as well.,like this just before they jump.,the envelope in rather than lick it and seal it.,4.778,0.478,-0.015,0.971,-0.134,-0.551,-0.161,1.081051,-0.027066,0.377028,0.407586,-0.010205,97.228617,0.928326,0.000000,36.657874,0.350005
test.enc.prompt.txt::01588,Can... can... Can,1.0,content_diversity,he still see?,you shut up?,you make dinner?,you go away?,you tell me more?,4.556,0.550,-0.037,0.762,-0.351,-0.702,-0.237,8.022277,0.669142,0.301450,2.418317,0.201713,27.865615,2.187593,0.000000,8.400095,0.659450
test.enc.prompt.txt::01592,What the hell,0.0,content_diversity,choice can I make at this stage!,can I reasonably be expected to accomplish with this?,direction do I move in now?,would Jesus do?,should someone in my position do?,3.611,0.965,-0.022,0.960,-0.193,-0.745,-0.465,16.009967,0.648348,0.375087,6.005138,0.243187,29.614018,1.604021,0.000000,11.107846,0.601648
test.enc.prompt.txt::01597,Maybe it went,0.0,content_diversity,extinct after being in existence for so long.,to the archives to remain a thing of the past,obsolete while we weren't paying attention,on to become useless to us,away from the marketplace.,3.375,0.650,-0.013,0.971,-0.114,-0.646,-0.493,20.889197,0.492660,0.469253,9.802314,0.231182,55.696094,1.353407,0.000000,26.135548,0.635090
test.enc.prompt.txt::01603,But Sacha always,1.0,content_diversity,is on time,lies to everyone,trusts everyone,calls me after work,tells everyone's business,4.286,0.749,-0.008,0.787,-0.206,-0.626,-0.272,-1.191959,0.119110,0.494568,-0.589505,0.058908,33.551700,2.119714,0.000000,16.593588,1.048342
test.enc.prompt.txt::01604,I'd better be,0.0,content_diversity,studying hard,learning and trying hard,trying my best to learn,studying for the exam,studying as much as possible,2.222,0.820,-0.028,0.950,-0.119,-0.866,-0.567,4.440451,0.255052,0.625704,2.778406,0.159587,20.774276,0.625513,0.000000,12.998541,0.391386
test.enc.prompt.txt::01608,Shall we draw,0.0,content_diversity,arbitrarily,whatever we want,what we wish to draw,something we like,anything we would like to draw,2.722,0.786,-0.047,0.918,-0.389,-0.838,-0.422,10.644565,0.618425,0.680800,7.246821,0.421024,19.012463,0.851066,0.000000,12.943686,0.579406
test.enc.prompt.txt::01621,Do I have,1.0,content_diversity,to repeat myself?,to tell you every thing to do?,to do my homework.,something between my teeth?,something wrong with me?,4.333,0.687,-0.030,0.955,-0.148,-0.661,-0.212,15.534693,0.711090,0.492806,7.655594,0.350430,35.373044,1.374204,0.000000,17.432058,0.677216
test.enc.prompt.txt::01624,This time they,0.0,content_diversity,guys that was too far,you went way too far,that was too much,they definetely went to far with this,its going too far,1.444,0.437,-0.099,0.875,-0.412,-0.776,-0.685,18.008795,0.688839,0.459892,8.282093,0.316791,70.329506,1.291544,0.000000,32.343947,0.593970
test.enc.prompt.txt::01631,But we made,1.0,content_diversity,"a serious error of judgment, we are so screwed.",a cake and everything and they just don't show up?,the world a better place for every one of us.,"him so scared, maybe we shouldn't have been so harsh.",good time and we will be there very soon.,4.778,0.416,-0.022,0.963,-0.089,-0.663,-0.190,12.306316,0.185068,0.437190,5.380193,0.080910,46.349099,0.640127,0.000000,20.263343,0.279857
test.enc.prompt.txt::01632,And the honor,1.0,content_diversity,is all mine,of the soldiers is something great,is great,roll students are very smart,academy,4.111,0.393,-0.024,0.965,-0.172,-0.610,-0.328,12.506258,0.680554,0.471802,5.900480,0.321087,80.443692,3.230641,0.000000,37.953509,1.524224
test.enc.prompt.txt::01633,I am making,0.0,content_diversity,i made a cake,BAKING A CAKE,making some yummy cake today,birthday cake is being made,i need alot of of cake,2.000,0.802,-0.031,0.948,-0.139,-0.956,-0.728,5.304635,0.238970,0.328762,1.743964,0.078564,56.131758,2.425072,0.000000,18.454003,0.797272
test.enc.prompt.txt::01638,"Captain Renault, are",0.0,content_diversity,we are going home soon,gonna go home ok?,leaving really soon,when are we leaving?,we have to go home in a few,2.500,0.624,-0.040,0.931,-0.163,-0.806,-0.602,12.718843,0.776233,0.426518,5.424812,0.331077,15.653780,0.865640,0.000000,6.676614,0.369211
test.enc.prompt.txt::01650,Call off your,0.0,content_diversity,"action, its doing more harm than good.","strike, it's costing lives.","demonstration, you are hurting people.","picket line, people need to get in to save people.","strike, you ar ekilling people in here.",3.312,0.899,-0.021,0.958,-0.347,-0.754,-0.314,8.471008,0.218455,0.384105,3.253754,0.083910,100.955859,2.352630,0.000000,38.777616,0.903656
test.enc.prompt.txt::01651,If you don't,0.0,content_diversity,i need you to call me back,i need you to call as soon as possible,i need to hear from you soon,email me back please,return my call when you can,2.062,0.300,-0.102,0.803,-0.215,-0.853,-0.502,17.188075,0.595558,0.490144,8.424631,0.291909,26.246365,0.926194,0.000000,12.864497,0.453969
test.enc.prompt.txt::01657,Are my eyes,0.0,content_diversity,on point,looking fine,good looking,nice,fine looking,2.111,0.314,-0.040,0.333,-0.246,-0.691,-0.662,7.098135,0.580850,0.581961,4.130838,0.338032,14.272376,1.701058,0.000000,8.305966,0.989949
test.enc.prompt.txt::01658,May I? Too,0.0,content_diversity,its way too heavy,i think its heavy,its very large and big to carry,too much weight to handle for you,it is very big to handle,1.875,0.217,-0.047,0.918,-0.305,-0.810,-0.826,20.274907,0.710058,0.420377,8.523110,0.298492,38.068364,0.564491,0.000000,16.003075,0.237299
test.enc.prompt.txt::01660,But think of,0.0,content_diversity,all the positive memories,all the good things,all happy memories,all the positive moments,all happiness we shared,1.778,0.533,-0.116,0.651,-0.445,-0.826,-0.816,8.206650,0.465479,0.459174,3.768283,0.213736,33.597810,1.428659,0.000000,15.427253,0.656003
test.enc.prompt.txt::00575,I don't rightly,1.0,content_diversity,know what you are talking about.,know who that person is.,know what is going on.,know where that is.,know what occured that long ago.,3.833,0.882,-0.088,0.904,-0.278,-0.867,-0.634,-6.855775,-0.009567,0.563002,-3.859816,-0.005386,61.887258,1.670809,0.000000,34.842656,0.940669
test.enc.prompt.txt::00575,I don't rightly,0.0,content_diversity,know what you are referring to.,know what you are asking about.,know what you are inquiring about.,know what you are speaking about.,know what you are referencing.,1.667,0.408,-0.453,0.635,-0.653,-0.976,-0.816,-6.855775,-0.009567,0.563002,-3.859816,-0.005386,61.887258,1.670809,0.000000,34.842656,0.940669
test.enc.prompt.txt::00579,When he comes,1.0,content_diversity,you should move your car,then we will leave,he will hear from me,i think we should hide,he will bring you food,4.556,0.437,-0.034,0.939,-0.257,-0.677,-0.191,9.175551,0.490791,0.477135,4.377981,0.234174,20.294712,0.705915,0.000000,9.683326,0.336817
test.enc.prompt.txt::00581,I hope you,1.0,content_diversity,have a wonderful vacation.,like the new job.,two are happy together.,leave him for good.,count your blessings.,4.389,0.737,0.000,0.800,-0.289,-0.658,-0.313,19.709069,0.947486,0.472244,9.307492,0.447445,39.912441,2.209985,0.000000,18.848416,1.043653
test.enc.prompt.txt::00585,That's your funeral.,0.0,content_diversity,there's a lot of people here,lot of folks have made it in time,a lot of people are attending,it is packed with people,so many familiar faces here,2.111,0.515,-0.074,0.875,-0.314,-0.728,-0.727,6.073022,0.189444,0.541560,3.288904,0.102595,42.376802,1.271257,0.000000,22.949568,0.688462
test.enc.prompt.txt::00590,And now fair,0.0,content_diversity,players should somehow be rewarded,participants are getting their rewards,play prize for players,play reward for the most fair player,player will receive his prize,1.833,0.624,-0.020,0.962,-0.322,-0.862,-0.614,16.365429,0.621371,0.488591,7.996005,0.303596,31.173472,0.620045,0.000000,15.231086,0.302949
test.enc.prompt.txt::00594,"Oh, Mr. Dickson",1.0,content_diversity,you forgot about my exam,you shouldn't have done this,what is it that you do for living,you should've been smarter,i really like your dressing style,4.611,0.515,-0.023,0.979,-0.072,-0.634,-0.128,-1.833487,-0.049391,0.496615,-0.910538,-0.024529,35.701480,1.298901,0.000000,17.729906,0.645054
test.enc.prompt.txt::00598,That's what he,0.0,content_diversity,consumed for the first meal of the day.,injested this morning.,devoured from the breakfast plate.,swallowed at 9am.,gobbled up with his orange juice.,2.667,1.000,-0.006,0.984,-0.148,-0.705,-0.358,13.817915,0.665956,0.425938,5.885569,0.283656,25.864981,0.562182,0.000000,11.016867,0.239455
test.enc.prompt.txt::00600,The fools! If,0.0,content_diversity,they quiet down I need told.,"it gets silent, I want to be told.",only they would shut up! I wanna know!,only it could be peace and quiet. Someone tell me.,"they won't shut up, I will kill them all. I need to know either way.",2.278,0.671,-0.046,0.936,-0.263,-0.819,-0.509,20.048310,0.780910,0.353262,7.082315,0.275866,48.965262,1.123980,0.000000,17.297589,0.397060
test.enc.prompt.txt::00603,"Oh Matt, you",0.0,content_diversity,need to stop at red lights.,need to slow down at yellow lights.,cannot go 70 mph in a residential area.,cannot crash into cars when parallel parking.,should relearn driving methods.,3.056,0.896,-0.019,0.961,-0.354,-0.695,-0.308,29.986764,0.711188,0.358653,10.754830,0.255069,64.993953,1.689143,0.000000,23.310247,0.605815
test.enc.prompt.txt::00618,"Smells funny, it",1.0,content_diversity,smells like rotten cheese.,really gets into your nose.,can't be dinner!,needs tossed out.,should be buried.,4.278,0.629,-0.007,0.989,-0.228,-0.623,-0.170,13.829985,0.754882,0.401567,5.553664,0.303136,25.406883,1.839356,0.000000,10.202562,0.738625
test.enc.prompt.txt::00620,WHAT?! We follow,1.0,content_diversity,this bad artist?,his directions?,my favourite boy band?,that cat?,the wrong guy?,4.333,0.471,0.000,0.800,-0.371,-0.668,-0.251,16.284634,0.997219,0.282892,4.606792,0.282105,30.037088,1.009399,0.000000,8.497251,0.285551
test.enc.prompt.txt::00623,I think one,1.0,content_diversity,of your wheels is loose,of your friends did it,book per week is manageable,time you can do it for the team,dollar more doesn't mattter,4.444,0.437,-0.020,0.961,-0.136,-0.606,-0.198,-0.552875,-0.013938,0.343415,-0.189865,-0.004787,48.670260,1.662885,0.000000,16.714078,0.571059
test.enc.prompt.txt::00627,Great Chief of,1.0,content_diversity,Staff,State,tribe,administration,hope,3.333,0.913,0.000,0.200,-0.983,-0.635,-0.294,0.000000,0.000000,1.000000,0.000000,0.000000,0.000000,0.000000,0.000000,0.000000,0.000000
test.enc.prompt.txt::00630,"Well, I hope",1.0,content_diversity,you didn't laugh at her.,nothing cruel was done.,he didn't leave her.,she's happy now.,you have money to pay me back.,4.167,0.624,-0.012,0.974,-0.303,-0.601,-0.229,-0.726605,0.273315,0.451360,-0.327960,0.123363,37.985472,0.634486,0.000000,17.145105,0.286381
test.enc.prompt.txt::00635,"Gents, we are",1.0,content_diversity,on red alert,at paradise,in heaven,on vacation,finally home,4.333,0.471,-0.008,0.582,-0.232,-0.660,-0.236,12.460144,1.270067,0.334176,4.163884,0.424426,28.443686,2.368918,0.000000,9.505204,0.791636
test.enc.prompt.txt::00639,So you're saying,1.0,content_diversity,that everything i my fault,that you don't like sport,that your mom is to blame,that this was the easiest exam ever,that you need to borrow money from me,4.389,0.657,-0.043,0.954,-0.154,-0.699,-0.155,3.491485,0.285805,0.426558,1.489322,0.121913,33.649613,1.565657,0.000000,14.353521,0.667844
test.enc.prompt.txt::00648,It's early in,1.0,content_diversity,the morning.,the afternoon.,case you needed more time.,California while it is late in Michigan.,the baseball game being only the first inning.,4.167,0.577,-0.028,0.975,-0.226,-0.646,-0.206,-0.692214,0.778115,0.384514,-0.266166,0.299196,110.498508,1.703116,0.000000,42.488177,0.654871
test.enc.prompt.txt::00654,"Oh Christ, this",0.0,content_diversity,has totally fallen apart.,will never work again.,is completely busted.,has been totally ruined.,is only fit for the bin.,2.333,0.527,-0.015,0.971,-0.310,-0.730,-0.375,3.799581,0.220915,0.429795,1.633040,0.094948,59.831308,2.452445,0.000000,25.715186,1.054048
test.enc.prompt.txt::00655,What are you,0.0,content_diversity,doing here without a permission,doing at my place,"doing here, this is private property",doing tresspassing,thinking? You can't come on a private property without invitation,2.111,0.314,-0.045,0.939,-0.027,-0.813,-0.325,0.170877,0.717699,0.365591,0.062471,0.262384,107.651147,2.890911,0.000000,39.356308,1.056891
test.enc.prompt.txt::00656,Do you want,1.0,content_diversity,it raw or medium raw,my old TV,me to take a look at your exam,me to go with you,to help me move out tomorrow,4.611,0.458,-0.023,0.954,0.024,-0.593,-0.156,-2.129286,0.056357,0.317539,-0.676131,0.017895,61.890796,3.460802,0.000000,19.652738,1.098940
test.enc.prompt.txt::00661,Girls dig Bateman.,1.0,content_diversity,He looks like hollywood,he is dreamy,what is his deal?,It's not even fair.,I am super jealous.,3.944,0.369,-0.006,0.789,-0.217,-0.619,-0.232,3.852499,0.378086,0.396684,1.528224,0.149980,11.127006,0.990016,0.000000,4.413901,0.392723
test.enc.prompt.txt::00662,"Listen, what about",0.0,content_diversity,we get something to eat tomorrow,we go to the restaurant,romantic evening in the restaurant,we have a fancy dinner tomorrow,I take you out for a dinner,2.056,0.724,-0.037,0.936,-0.328,-0.828,-0.484,14.455928,0.437584,0.463410,6.699019,0.202781,23.958743,0.834196,0.000000,11.102716,0.386575
test.enc.prompt.txt::00665,By the way,1.0,content_diversity,did you make the payment?,did you water the plants?,did you call your mom?,did you make plans?,how is the family doing?,4.611,0.458,-0.114,0.869,-0.474,-0.699,-0.265,9.566541,0.479788,0.444416,4.251523,0.213226,14.686867,0.529119,0.000000,6.527078,0.235149
test.enc.prompt.txt::00290,Suppose there's an,0.0,content_diversity,airline that costs less.,flight that isn't as expensive.,"air travel fare, but doesn't cost as much.",way to fly there that is low cost.,flight going there and it's not a lot of money,1.944,0.550,-0.022,0.966,-0.372,-0.918,-0.776,18.714370,0.624934,0.418549,7.832890,0.261566,65.949675,0.986976,0.000000,27.603201,0.413098
test.enc.prompt.txt::00291,It is a,0.0,content_diversity,joke of a democracy that we currently have.,horrible system of government that we rely on.,pity we can't trust our elected officials.,truth widely acknowledged that American politicians are corrupt.,regrettable situation in which we find ourselves this election cycle.,2.857,0.515,-0.028,0.965,-0.223,-0.780,-0.346,10.375844,0.356396,0.522348,5.419803,0.186163,50.182813,0.373178,0.000000,26.212897,0.194929
test.enc.prompt.txt::00333,It may have,1.0,content_diversity,"looked like the same person, but it's not.",gotten caught in the drain.,"looked the same, but it's not.",been hotter yesterday.,run off to hide in the woods.,4.333,0.577,-0.049,0.909,-0.217,-0.653,-0.202,17.459701,0.580490,0.437489,7.638429,0.253958,22.648528,1.485966,0.000000,9.908484,0.650094
test.enc.prompt.txt::00316,See. Get your,0.0,content_diversity,head out of the clouds.,stuff together.,information from a better source.,head checked.,reality in order.,3.167,0.527,-0.006,0.988,-0.257,-0.657,-0.305,5.267525,0.069667,0.472977,2.491417,0.032951,21.788021,1.077441,0.000000,10.305226,0.509605
test.enc.prompt.txt::00297,Might as well,1.0,content_diversity,"eat lunch now, it's going to be a long car ride.","call a divorce attorney, I'm ready to admit defeat.","put my feet up, no one is showing up in this bad weather.",take out a loan as I can't even afford the down payment.,go to the store after work since I won't have time tomorrow.,4.833,0.333,-0.015,0.979,-0.169,-0.652,-0.178,28.121000,0.530188,0.415831,11.693591,0.220469,34.956068,0.482282,0.000000,14.535825,0.200548
test.enc.prompt.txt::00251,"Right, Agent Cole",0.0,content_diversity,is always late.,never shows up to these on schedule.,isn't exactly punctual.,has a problem with timeliness.,is habitually later than expected.,2.111,0.614,-0.005,0.991,-0.239,-0.658,-0.467,11.681075,0.614374,0.390626,4.562928,0.239990,59.080388,0.930379,0.000000,23.078315,0.363430
test.enc.prompt.txt::00335,And Elbourne and,1.0,content_diversity,Jones and Schrader went down to the sea together.,his wife were never seen again.,Molly knew that things would never be the same between them.,the dog looked each other in the eye knowingly.,the fisherman both shook their heads in disbelief.,4.778,0.416,-0.023,0.972,-0.268,-0.627,-0.087,13.721081,0.291166,0.479059,6.573206,0.139486,33.042863,0.572286,0.000000,15.829477,0.274159
test.enc.prompt.txt::00312,Fuck. Turn it,1.0,content_diversity,before it burns to the frying pan,before the children come home and see what your watching,before you hit the animal lying in the middle of the road,before the arrow hits your head,before it over heats an cause an explosion,4.750,0.354,-0.056,0.934,-0.193,-0.695,-0.314,-4.457300,-0.237922,0.444400,-1.980823,-0.105732,95.490356,1.948939,0.000000,42.435898,0.866108
test.enc.prompt.txt::00306,"Some party, huh?",1.0,content_diversity,The girls are quite hot!,The drinks are free!,There are so many people here!,I love the music!,I love the decorations!,4.611,0.458,-0.055,0.910,-0.364,-0.668,-0.309,17.975627,0.836983,0.420299,7.555145,0.351783,28.211198,1.109429,0.000000,11.857150,0.466292
test.enc.prompt.txt::00265,Something the matter,0.0,content_diversity,but it makes no difference.,and no one will help.,and it's pointless.,and I don't give a darn.,and people ignore it.,2.875,0.545,-0.036,0.957,-0.419,-0.705,-0.648,9.297414,0.468473,0.454029,4.221292,0.212700,23.079319,1.027038,0.000000,10.478671,0.466305
test.enc.prompt.txt::00339,I know... But,0.0,content_diversity,this work place is truely not for me!,my work is not the best these days for what it's worth.,life would be better if I could change jobs now.,i'm going to look for a different job soon.,I don't wanna work there anymore. I have too many hours and so little pay.,2.389,0.906,-0.019,0.970,-0.239,-0.799,-0.440,-1.960985,0.184801,0.436041,-0.855069,0.080581,78.366951,1.196463,0.000000,34.171191,0.521707
test.enc.prompt.txt::00254,I've got what,0.0,content_diversity,I can only hope fixes this.,they told me should work.,looks like fits in the spot.,normally helps in this situation.,has often been used for these problems.,3.000,0.707,-0.007,0.986,-0.210,-0.590,-0.423,8.525044,0.472253,0.414866,3.536747,0.195921,27.965633,1.417878,0.000000,11.601978,0.588229
test.enc.prompt.txt::00288,It's possible I,0.0,content_diversity,misunderstood your question.,didn't follow your train of thought.,didn't understand what we were discussing.,couldn't understand what you were saying.,failed to keep up with the conversation and got lost.,2.556,0.437,-0.022,0.960,-0.289,-0.766,-0.656,2.758033,0.163349,0.667680,1.841483,0.109065,58.972516,1.015700,0.000000,39.374755,0.678163
test.enc.prompt.txt::00273,Look...we're all tired.,1.0,content_diversity,let's rest.,let's find a place to relax.,let's go on a vacation.,let's keep working and finish this.,let's stop working now.,3.278,0.671,-0.056,0.948,-0.531,-0.915,-0.334,2.339602,0.042676,0.527159,1.233341,0.022497,37.030624,0.349915,0.000000,19.521010,0.184461
test.enc.prompt.txt::00278,They think I'm,1.0,content_diversity,a waste of time.,going to be the next big thing.,"introverted, but I'm really just quiet.",not worthy of a promotion.,most likely to get the job done.,4.312,0.609,-0.015,0.972,-0.237,-0.655,-0.223,15.039574,0.381709,0.537809,8.088414,0.205287,42.196963,0.660356,0.000000,22.693895,0.355145
test.enc.prompt.txt::00255,I think about,0.0,content_diversity,how I've never really enjoyed them.,what I would have looked for if I had more time.,how none of them seem to meet expectations.,the dissappointment I feel when shopping for them.,everyone I've ever found has a problem with it.,4.056,0.864,-0.020,0.967,-0.229,-0.730,-0.333,22.302199,0.504294,0.453617,10.116651,0.228756,45.961358,0.628872,0.000000,20.848841,0.285267
test.enc.prompt.txt::00329,Lillian was here.,1.0,content_diversity,I found her condescending attitude quite annoying.,Her pleasing scent filled the room.,I could never mistake her playful laugh which sent my heart aflutter.,Her arrival meant I could finally clock out and go home.,I might have gotten caught cheating on her unless I got out quickly.,4.500,0.667,-0.029,0.959,-0.199,-0.688,-0.224,19.404623,0.364253,0.444282,8.621121,0.161831,88.224878,0.634715,0.000000,39.196710,0.281992
test.enc.prompt.txt::00295,Chub says you're,0.0,content_diversity,in a people class by yourself in the brain catagory,"a soul that he has not experienced before, you must be a very old soul and extremely intelligent","going to do very well in school, work hard for those good grades",going to get scholarships to go to college because of your mental capacity,"not only a very beautiful human being, but very bright as well",3.167,0.707,-0.027,0.948,-0.065,-0.623,-0.262,24.057721,0.243693,0.445917,10.727743,0.108667,99.554443,1.668560,0.000000,44.393002,0.744039
test.enc.prompt.txt::00249,"I'm sorry, let",0.0,content_diversity,me help somehow.,me fix this.,me compensate you.,it bring us closer as I seek to remedy this.,yourself be rewarded by me,3.000,0.707,-0.039,0.967,-0.366,-0.738,-0.562,15.407187,0.740616,0.371658,5.726198,0.275256,89.122068,1.232373,0.000000,33.122890,0.458021
test.enc.prompt.txt::00325,"Wade, I got",1.0,content_diversity,the test results.,"to tell ya, I like your style.",five more if you want one.,to the last level in the game.,a big problem with your attitude.,4.611,0.657,-0.013,0.972,-0.180,-0.604,-0.100,1.212645,0.083572,0.419043,0.508151,0.035020,31.420884,0.829295,0.000000,13.166712,0.347510
test.enc.prompt.txt::00325,"Wade, I got",0.0,content_diversity,a few left from the last batch,some more in the back.,to order several more to keep up with the demand.,caught up with production and can send you a few.,"nothing left man, sorry.",3.778,0.533,-0.028,0.937,-0.199,-0.689,-0.216,1.212645,0.083572,0.419043,0.508151,0.035020,31.420884,0.829295,0.000000,13.166712,0.347510
test.enc.prompt.txt::00286,Skipper - could,0.0,content_diversity,we head in that direction?,we head there?,we sail there?,we sail in that direction?,you take us in that direction?,1.889,0.737,-0.142,0.787,-0.575,-0.914,-0.693,39.431742,2.196381,0.302357,11.922448,0.664090,27.443108,1.003275,0.000000,8.297605,0.303347
test.enc.prompt.txt::00276,My dad's got,1.0,content_diversity,a lot of land,prostate cancer,a high school reunion coming up.,a couple of short haired terriors.,a problem with alcohol.,4.889,0.208,-0.029,0.964,-0.194,-0.600,-0.054,13.805801,0.229352,0.458472,6.329571,0.105151,100.870997,3.044412,0.000000,46.246511,1.395777
test.enc.prompt.txt::00276,My dad's got,0.0,content_diversity,a dog kennel,penchant for training dogs.,a phobia of cats.,a farm with all kinds of animals.,really smart labradors.,3.500,0.624,-0.018,0.971,-0.305,-0.730,-0.281,13.805801,0.229352,0.458472,6.329571,0.105151,100.870997,3.044412,0.000000,46.246511,1.395777
test.enc.prompt.txt::00310,You can't have,0.0,content_diversity,things just how you want them always.,me constantly do it your way.,what you want how you want it every time.,me giving in to your wishes every day.,the world cater to your every whim forever.,2.722,0.916,-0.047,0.905,-0.293,-0.790,-0.690,12.740448,0.412876,0.414647,5.282784,0.171197,48.463544,1.146086,0.000000,20.095245,0.475221
test.enc.prompt.txt::00253,"September 4th, 1993.",0.0,content_diversity,The day we left Earth.,"Finally, the day we take off.",Launch day is finally upon us.,"After all the preparations, we are ready for launch.","All of our training has lead us to this moment, the true beginning of our mission.",2.389,0.774,-0.032,0.946,-0.291,-0.883,-0.406,7.301410,0.809302,0.433550,3.165526,0.350873,106.651229,0.615356,0.000000,46.238637,0.266788
test.enc.prompt.txt::01793,Without hope there's,0.0,content_diversity,no joy.,no pleasure.,no cheerfulness.,no aspirations.,no merriment.,2.143,0.515,-0.100,0.320,-0.603,-0.815,-0.749,13.301141,1.004124,0.293629,3.905601,0.294840,20.683159,0.934085,0.000000,6.073176,0.274275
test.enc.prompt.txt::01795,I'm not married.,1.0,content_diversity,I used to be but it didn't work out.,"But even if I were, it wouldn't stop me.",Why do you ask?,I sure would like to be though.,Are you asking?,3.929,0.623,-0.023,0.955,-0.056,-0.643,-0.312,2.794549,0.073010,0.521332,1.456887,0.038063,63.177312,1.045190,0.000000,32.936342,0.544891
test.enc.prompt.txt::01797,"Jani, there's something",1.0,content_diversity,I need to tell you.,on your nose.,about you that I love.,going on in town today that I think you will like.,else that you do not know.,4.500,0.577,-0.044,0.939,-0.202,-0.704,-0.227,13.980511,0.500018,0.441352,6.170325,0.220684,68.652062,0.722167,0.000000,30.299717,0.318730
test.enc.prompt.txt::01811,That Greek guy,0.0,content_diversity,is really good looking.,looks very attractive.,has very nice looks.,is stunningly handsome.,happens to have looks that are appealing.,1.750,0.382,-0.025,0.962,-0.533,-0.884,-0.839,6.969987,0.599172,0.470559,3.279789,0.281946,45.832120,0.881391,0.000000,21.566708,0.414746
test.enc.prompt.txt::01816,Why four? And,0.0,content_diversity,"while we're at it, why do they all have to be blue?","while we're at it, have they all to be yellow?","while we're at it, why do they all have to be green?","while we're at it,  do they all have to be purple?","while we're at it, why do they all have to be brown?",2.389,0.994,-0.585,0.432,-0.807,-0.956,-0.417,58.675307,1.170971,0.438311,25.718034,0.513249,59.376132,1.254015,0.000000,26.025214,0.549648
test.enc.prompt.txt::01823,We'd know. There,1.0,content_diversity,would be tell tale signs.,would be news about it on the TV by now.,is know way this thing would move without making a racket otherwise.,"isn't anything we can do, I am so sorry.",would be a large ring around the outer edge telling us so.,4.375,0.415,-0.034,0.957,-0.118,-0.637,-0.179,16.900254,0.242173,0.375593,6.347612,0.090959,95.989356,0.544041,0.000000,36.052900,0.204338
test.enc.prompt.txt::01824,Thanks for the,0.0,content_diversity,"recognition, folks. It means so much to me.",good cheer and support. It's everything to me.,"strong show of appreciation, gang. It warms my heart.","standing ovation, ladies and gentlemen. This day has been one-pf-a-kind.","acknowledgement, everyone. It's been so long.",2.750,0.559,-0.021,0.960,-0.246,-0.749,-0.456,50.620187,0.900568,0.438647,22.204376,0.395031,135.919136,1.601936,0.000000,59.620477,0.702684
test.enc.prompt.txt::01829,Well... now what?,0.0,content_diversity,anyone know what this means,do you know? i dont understand,what does it mean?,whats the meaning?,i wish i understood,2.056,0.643,-0.011,0.973,-0.101,-0.759,-0.479,4.554076,0.155652,0.586238,2.669773,0.091249,29.963082,1.169991,0.000000,17.565498,0.685893
test.enc.prompt.txt::01833,You won't consider,0.0,content_diversity,my feelings even for a moment? I guess not.,"things from my perspective at all? Nope, you never do.","the way this might affect me though, huh? Will you?",the impact of this on other people? Even other people -- like me?,"what I could be going through, will you? You wouldn't dream of it.",2.778,1.003,-0.010,0.975,-0.099,-0.764,-0.397,29.937457,0.638772,0.384569,11.513030,0.245652,42.004685,0.375677,0.000000,16.153716,0.144474
test.enc.prompt.txt::01834,"Bomb, this is",0.0,content_diversity,"not cheap, you know! What are you thinking?",a lot of money. How can you handle this?,"priced at more than you make in a year, have you noticed?","a little -- or a lot -- too rich for your blood, don't you think?",not exactly in your price range. How will you pay for this?,2.357,0.742,-0.052,0.935,-0.153,-0.776,-0.532,21.403504,0.416304,0.434486,9.299526,0.180878,77.268000,0.805279,0.000000,33.571875,0.349883
test.enc.prompt.txt::01838,That's all beside,0.0,content_diversity,where they have the water cooler.,the outside water cooler.,cooler of water.,the cooler of water outside.,water cooler they have outside.,1.667,0.527,-0.173,0.799,-0.453,-0.989,-0.782,35.002488,1.436870,0.375631,13.148035,0.539734,21.093633,0.497248,0.000000,7.923431,0.186782
test.enc.prompt.txt::01844,"Hey, Doolittle, think",0.0,content_diversity,"you're a little off your rocker. A lot off, I should say.",you may not be thinking completely rationally right now.,reality is starting to slip for you. Just a bit. Or a lot.,you need to get a grip because you're losing it now.,"crazy could be an understatement in your case, you know?",2.333,0.624,-0.030,0.956,-0.121,-0.731,-0.444,16.221424,0.284399,0.456883,7.411296,0.129937,45.823802,0.731099,0.000000,20.936127,0.334027
test.enc.prompt.txt::01859,What's with you?,0.0,content_diversity,Are you upset with me?,Are you angry?,Have you got a problem?,It seems like you are mad.,Are you unhappy?,2.375,0.331,-0.089,0.922,-0.495,-0.714,-0.619,10.216230,0.455347,0.590487,6.032550,0.268876,27.363128,0.766514,0.000000,16.157568,0.452617
test.enc.prompt.txt::01868,So now you,0.0,content_diversity,understand how to do it.,comprehend the way to accomplish that.,realize what you need to do.,see the means by which it is accomplished.,the steps that must be taken for that to be completed.,2.417,0.344,-0.039,0.938,-0.332,-0.861,-0.697,10.822198,0.421535,0.576713,6.241298,0.243105,47.941921,0.460193,0.000000,27.648712,0.265399
test.enc.prompt.txt::01874,It turned up,1.0,content_diversity,louder,on repeat because i like it,missing,in the yard,near the water,4.000,0.527,-0.007,0.986,-0.191,-0.582,-0.200,5.092482,0.287698,0.582658,2.967173,0.167630,78.722111,2.995976,0.000000,45.868040,1.745629
test.enc.prompt.txt::01884,I say hang,1.0,content_diversity,"out with me today, you wont be sad",back and wait,on a minute,the rope outside,the flag,4.643,0.440,-0.008,0.989,0.014,-0.588,-0.205,-1.213302,-0.004850,0.372811,-0.452332,-0.001808,87.978677,0.681763,0.000000,32.799391,0.254169
test.enc.prompt.txt::01888,Don't believe everything,0.0,content_diversity,concerning history. It's written by people with agendas.,you hear about history. It's written by people with ulterior motives.,about history. It's written for profit.,about history. It's written with ill intent.,you ever heard about history. It's written by people's motives.,1.833,0.527,-0.310,0.666,-0.613,-0.970,-0.519,44.093709,0.945293,0.451702,19.917238,0.426991,54.501266,0.779515,0.000000,24.618358,0.352109
test.enc.prompt.txt::01350,"Look, snap out",1.0,content_diversity,of it,of the shirt,of the mood,of the trance,of your addiction,3.500,0.667,-0.123,0.470,-0.332,-0.703,-0.297,3.331197,0.510404,0.327490,1.090933,0.167152,21.502171,1.214744,0.000000,7.041744,0.397816
test.enc.prompt.txt::01361,I just wanted,0.0,content_diversity,to say how much you mean to me,to tell you that i love you,to say that i need you,you to know that you mean so much to me,you to know that i love you,2.000,0.707,-0.182,0.767,-0.525,-0.851,-0.561,37.464717,1.324704,0.488720,18.309753,0.647409,28.292269,0.786081,0.000000,13.826995,0.384173
test.enc.prompt.txt::01362,I was sorry,1.0,content_diversity,so I bought you cookies,that i did it,i commited crime,i couldn't be there for you,but it wasn't my fault,4.111,0.515,-0.023,0.965,-0.169,-0.683,-0.132,6.642633,0.522069,0.456837,3.034604,0.238501,32.294616,1.807284,0.000000,14.753391,0.825635
test.enc.prompt.txt::01363,It's a real,1.0,content_diversity,thing it is not a scam,struggle to do it so fast,"life, not imagination",hustle to do it,", I'm telling you",4.056,0.831,-0.042,0.919,-0.095,-0.605,-0.295,7.042774,0.328491,0.446840,3.146992,0.146783,47.973366,1.937417,0.000000,21.436414,0.865715
test.enc.prompt.txt::01373,Wow. Should you,1.0,content_diversity,be this handsome?,take another try?,help them?,behave like this,be so good at football,4.556,0.550,-0.012,0.975,-0.102,-0.646,-0.221,0.844406,0.432006,0.439705,0.371290,0.189955,37.118920,1.688700,0.000000,16.321391,0.742531
test.enc.prompt.txt::01393,No fuckin' hot,1.0,content_diversity,girl are allowed here,food makes me throw up,sun makes me exhausted,people are here,nights,4.500,0.471,-0.026,0.936,-0.136,-0.641,-0.138,17.055149,0.831170,0.526713,8.983163,0.437788,55.075623,2.497764,0.000000,29.009029,1.315604
test.enc.prompt.txt::01395,Destroy all that,1.0,content_diversity,evidence and get out of here,peasants,books and get new ones,files and clean my desk,enemies,4.278,0.671,-0.019,0.951,-0.141,-0.581,-0.165,17.246319,0.777390,0.590605,10.185771,0.459131,62.775887,2.613639,0.000000,37.075784,1.543629
test.enc.prompt.txt::01396,Know what we,1.0,content_diversity,are dealing with,are selling to our customers,need to do to stay profitable,can do to help him,should do in order to sell the business,3.722,0.583,-0.046,0.939,-0.345,-0.687,-0.276,16.499442,0.795626,0.475841,7.851109,0.378591,32.879588,1.201557,0.000000,15.645452,0.571750
test.enc.prompt.txt::01398,"Is that right,",0.0,content_diversity,they won the big cash prize?,the group won and quit their jobs?,the team won millions in the lotto?,they got the grand prize and retired to Puerto Rico?,the couple are very rich now from winning the lotto sweepstakes?,2.556,0.762,-0.056,0.951,-0.398,-0.813,-0.341,17.344839,0.806333,0.335739,5.823343,0.270718,108.065478,0.664320,0.000000,36.281819,0.223038
test.enc.prompt.txt::01404,"Now, you will",1.0,content_diversity,do as I say or I'll fire you,have to take one for the team,pick my mom,take care of my dog,have to say what bothers you,4.500,0.943,-0.024,0.950,-0.066,-0.588,-0.169,2.443718,0.540180,0.425717,1.040332,0.229964,35.360265,0.943839,0.000000,15.053458,0.401808
test.enc.prompt.txt::01424,Did you see,1.0,content_diversity,that aeroplane,him eat whole basket,her cheating on him,him how he broke up with her,cheating on a test,4.083,0.344,-0.033,0.940,-0.046,-0.604,-0.162,3.903812,0.053289,0.411425,1.606126,0.021924,44.974175,2.196224,0.000000,18.503505,0.903582
test.enc.prompt.txt::01438,He went back,1.0,content_diversity,to the hospital.,home yesterday. You just missed him.,to work already. Try calling him there.,to his wife.,to his girlfriend's house.,4.222,0.711,-0.048,0.945,-0.349,-0.682,-0.205,35.192305,1.188983,0.385976,13.583382,0.458919,79.739715,1.338428,0.000000,30.777609,0.516601
test.enc.prompt.txt::01753,I don't know,1.0,content_diversity,how he can eat so much,why would he dump her,how can he study so hard,why would he cross him,how can he not like reading,4.667,0.527,-0.097,0.864,-0.429,-0.683,-0.271,7.758641,0.430818,0.395475,3.068347,0.170378,21.508576,0.638645,0.000000,8.506100,0.252568
test.enc.prompt.txt::01743,What are you?,1.0,content_diversity,are you a human,you don't seem like a dog,are you doing something to me,you seem like an ugly bug,you look exhausted,4.111,0.657,-0.066,0.916,-0.155,-0.687,-0.264,10.389162,0.214133,0.501868,5.213989,0.107467,29.494770,0.832846,0.000000,14.802484,0.417979
test.enc.prompt.txt::01697,You've seen only,1.0,content_diversity,the tip of the iceberg.,the best side of him.,what I wanted you to see.,the best doctors.,one way of doing things.,4.667,0.624,-0.044,0.939,-0.302,-0.647,-0.202,10.294842,0.531804,0.429028,4.416777,0.228159,23.815323,1.437725,0.000000,10.217443,0.616824
test.enc.prompt.txt::01739,Then there it,1.0,content_diversity,"went, down the street.","flew, into the sky.",is!,"slept, in the cave.",dies peacefully.,4.278,0.916,-0.015,0.773,-0.297,-0.581,-0.173,12.363054,1.869490,0.290833,3.595585,0.543710,11.110158,6.286644,0.000000,3.231201,1.828364
test.enc.prompt.txt::01729,Shit. We don't,0.0,content_diversity,care about your opinion.,want to know what you think.,need any more ideas.,have any need of your expertise.,value your way of thinking.,2.444,0.643,-0.024,0.960,-0.151,-0.794,-0.401,15.107339,0.636146,0.531527,8.029955,0.338129,41.911197,1.413236,0.000000,22.276924,0.751173
test.enc.prompt.txt::01754,I lost my,0.0,content_diversity,sneakers in the wood,shoes in a forest,trainers in a wood,shoes while I was in a forest,sneakers when I was in a wood,1.667,0.527,-0.164,0.757,-0.487,-0.934,-0.610,23.148185,1.087753,0.453959,10.508332,0.493795,19.291540,0.608471,0.000000,8.757572,0.276221
test.enc.prompt.txt::01685,When'd you start,1.0,content_diversity,swimming professionally,going out with her,making mistakes,baking,fighting for your country,4.722,0.342,0.000,0.800,-0.173,-0.583,-0.094,0.474349,0.164850,0.674723,0.320055,0.111228,29.058325,1.495700,0.000000,19.606330,1.009184
test.enc.prompt.txt::01777,So what do,1.0,content_diversity,I need to do,you want me to read,they want to watch,they plan on doing next friday,they think they will do to us,4.278,0.629,-0.048,0.938,-0.175,-0.644,-0.283,-0.673572,0.137776,0.449575,-0.302821,0.061941,57.460408,1.027863,0.000000,25.832768,0.462102
test.enc.prompt.txt::01777,So what do,0.0,content_diversity,you want me to do,I need to get done with,I need to finish,you want me to get done,you want me to get finished with,1.875,0.415,-0.236,0.641,-0.441,-0.871,-0.590,-0.673572,0.137776,0.449575,-0.302821,0.061941,57.460408,1.027863,0.000000,25.832768,0.462102
test.enc.prompt.txt::01690,He *sniffs* that,1.0,content_diversity,powder of the table,stinky socks,cocaine,sugar into his nostril,thing,3.500,0.707,0.000,0.800,-0.044,-0.679,-0.264,1.819471,0.134559,0.586976,1.067985,0.078983,64.127487,3.197208,0.000000,37.641284,1.876684
test.enc.prompt.txt::01773,Exactly. 'Cept this,1.0,content_diversity,can't be forgiven just like that,and move on,reality,and you will learn next time,and start doing it now,3.944,0.643,-0.014,0.981,-0.111,-0.659,-0.314,-5.875242,-0.178073,0.524690,-3.082680,-0.093433,61.819192,1.789952,0.000000,32.435905,0.939170
test.enc.prompt.txt::01773,Exactly. 'Cept this,0.0,content_diversity,can't go unnoticed,can't go without consequences,can't be like that,isn't forgiveable,shouldn't be accepted,2.556,0.724,-0.036,0.732,-0.236,-0.716,-0.459,-5.875242,-0.178073,0.524690,-3.082680,-0.093433,61.819192,1.789952,0.000000,32.435905,0.939170
test.enc.prompt.txt::01723,I thought you,0.0,content_diversity,had heard it before.,"everyone knew, its common knowledge.",told me about it.,remembered what I said.,were aware of that.,3.214,0.647,-0.005,0.990,-0.264,-0.684,-0.649,4.851554,0.129293,0.564241,2.737447,0.072953,45.783250,1.002243,0.000000,25.832794,0.565507
test.enc.prompt.txt::01737,That's right. And,0.0,content_diversity,that is why you're a leader,that is why people follow you,that is why you have so many followers,that is why you're popular,this explains why you're natural leader,2.111,0.515,-0.192,0.798,-0.595,-0.908,-0.654,17.225437,0.657877,0.457723,7.884470,0.301125,47.205161,0.910764,0.000000,21.606865,0.416877
test.enc.prompt.txt::01681,Sorry...sorry... Why do,0.0,content_diversity,women always ask men if they look fat in an outfit?,"females expect men to lie to them about looking fat, but nothing else?",the news and media portray big women as something negative?,people want other people to be honest only when it serves them right?,you put me on the spot like this whenever you put on a new dress?,2.889,0.567,-0.009,0.964,-0.165,-0.671,-0.261,25.750050,0.427780,0.420034,10.815892,0.179682,50.516458,0.673596,0.000000,21.218621,0.282933
test.enc.prompt.txt::01714,Don't get too,0.0,content_diversity,narcissistic when you’re talking to a potential employer.,used to having good jobs without having to put in an effort.,hopeful that you’ll land your dream job because not everyone does.,caught up in trying to say the perfect thing to an interviewer.,arrogant when you’re talking to the head of a job you want.,3.056,0.926,-0.050,0.923,-0.313,-0.761,-0.384,73.572344,1.153998,0.404194,29.737479,0.466439,68.290789,1.045249,0.000000,27.602708,0.422483
test.enc.prompt.txt::01683,It seemed like,0.0,content_diversity,you weren't willing to forgive,you weren't ready to accept my apology,you didn't want to forgive,you weren't ready to put things behind,you didn't want to smooth things out,2.111,0.614,-0.158,0.779,-0.587,-0.840,-0.675,16.797976,0.564561,0.511548,8.592979,0.288801,32.661213,0.696884,0.000000,16.707794,0.356490
test.enc.prompt.txt::00680,Patrick? Is that,0.0,content_diversity,actually what you're going out in?,really the pants you want to wear? Really?,your idea of getting dressed up? Honestly.,your nicest shirt? I said wear your nicest shirt.,warm enough for this weather? I don't think so.,2.444,0.797,-0.006,0.974,-0.086,-0.769,-0.278,24.097494,0.586170,0.419940,10.119508,0.246156,44.820739,0.648052,0.000000,18.822033,0.272143
test.enc.prompt.txt::00684,Did you know,0.0,content_diversity,"he killed his brother? Yes, he got away with it as well.",he murdered his aunt? Managed to get away it in fact.,he stabbed his mother to death? Found not guilty though.,"he killed his sister? Yes, he got away with it as well.","he shot his twin sister to death and still got away with it,",2.333,0.707,-0.143,0.795,-0.528,-0.893,-0.602,52.806299,0.985091,0.421304,22.247516,0.415023,102.014371,1.899838,0.000000,42.979084,0.800410
test.enc.prompt.txt::00686,"Ah, I see...Yes.",0.0,content_diversity,I'm sorry for all the missteps. We were ignorant.,My apologies for everything that's happened. We just weren't aware.,We had no idea. I hope you'll accept our apology for what's occurred.,I deeply regret what took place. No one had informed us.,"I'm so sincerely sorry for all of it. If we'd known, it would never have happened.",2.278,0.478,-0.031,0.948,-0.446,-0.895,-0.591,20.652479,0.405869,0.476949,9.850176,0.193579,49.845197,0.722063,0.000000,23.773609,0.344387
test.enc.prompt.txt::00689,"Pardon me, but",1.0,content_diversity,I saw you seem lost.,I need to get through here.,I couldn't help overhearing what you were saying.,I dropped something over here.,can you grab something for me?,4.500,0.471,-0.038,0.953,-0.185,-0.696,-0.246,15.551531,0.312143,0.455152,7.078307,0.142073,27.795232,1.683827,0.000000,12.651050,0.766397
test.enc.prompt.txt::00689,"Pardon me, but",0.0,content_diversity,can you get that for me?,can you go get me that thing on the shelf?,are you able to hand that to me?,can you get the thing on the counter for me?,can you reach over and get that for me?,2.167,0.707,-0.148,0.809,-0.559,-0.883,-0.562,15.551531,0.312143,0.455152,7.078307,0.142073,27.795232,1.683827,0.000000,12.651050,0.766397
test.enc.prompt.txt::00711,"C'mon, I wouldn't",0.0,content_diversity,"purchase a dog from any other shop,","buy my fish from any other shop,",get my hamsters from any other place.,buy my guinea pigs anywhere else.,"purchase a mouse from any other shop,",2.556,1.141,-0.186,0.774,-0.509,-0.783,-0.503,47.657311,1.371699,0.433696,20.668771,0.594900,37.766447,1.150963,0.000000,16.379146,0.499168
test.enc.prompt.txt::00713,Go where? You,0.0,content_diversity,will just have to be patient. You'll know soon enough.,mustn't be in such a rush. All in due time.,will not ruin the surprise. You have to bide your time.,will know everything before very long. Try to relax.,"need to calm down and pace yourself. Soon, I promise.",2.778,0.916,-0.028,0.956,-0.245,-0.775,-0.596,18.358421,0.369187,0.438142,8.043596,0.161757,30.654056,0.734862,0.000000,13.430831,0.321974
test.enc.prompt.txt::00714,It's the only,0.0,content_diversity,thing I inherited from her.,she decided to leave for me as an inheritance.,thing she left for me as an inheritance.,inheritance I received from her.,she left as my inheritance.,1.889,0.458,-0.102,0.794,-0.515,-0.978,-0.791,44.593088,1.154942,0.414377,18.478352,0.478581,28.796176,0.683809,0.000000,11.932475,0.283355
test.enc.prompt.txt::00715,I know how,0.0,content_diversity,"to do it, no need to get involved.","this gets done, don't worry about me.","to handle something like this, thank you very much.","it all works, which probably surprises you.","to go about it, so just mind your own business.",3.000,0.667,-0.017,0.971,-0.192,-0.748,-0.479,13.076559,0.310026,0.456248,5.966152,0.141449,35.162694,0.594705,0.000000,16.042904,0.271333
test.enc.prompt.txt::00741,That's great. I,1.0,content_diversity,am so glad you received such exciting news!,am just so relieved to find out you're okay!,had a feeling it would all work out for you.,never know what to expect when they get involved.,"was imagining the most awful things, so I'm glad it's all good.",3.688,0.428,-0.019,0.967,-0.148,-0.673,-0.404,-6.966796,0.076235,0.503239,-3.505966,0.038364,88.885346,0.893413,0.000000,44.730604,0.449601
test.enc.prompt.txt::00746,I don't know,1.0,content_diversity,which way we're supposed to go and I'm low on gas.,"which one I'd rather have, the prawns of the lamb.","where she gets off talking to me like that, the little snot.","I left those goddamn keys, I'm losing my mind.",what I was thinking when I took this apartment.,4.889,0.208,-0.013,0.973,-0.096,-0.583,-0.085,28.767217,0.456623,0.389057,11.192075,0.177652,60.075269,1.012175,0.000000,23.372679,0.393793
test.enc.prompt.txt::00747,"Hardly anybody does,",0.0,content_diversity,there is only me and my sister who know about it and a couple of others.,only my uncle and me know about it and four other people I know of.,my cousin and me are the ony ones who know about it except the founders.,only my son and I and a couple of others know it is even here.,there is only me and my father who know about it and a few select others.,2.417,0.786,-0.213,0.730,-0.502,-0.900,-0.654,83.575196,1.206540,0.418663,34.989836,0.505133,102.739983,1.540724,0.000000,43.013421,0.645044
test.enc.prompt.txt::00753,A beautiful geek?,1.0,content_diversity,Is there such a thing?,I am going to take that as a compliment.,Did you mean to write a beautiful Greek?,Then I am in love with her already.,Is that the name of a movie?,4.643,0.350,-0.033,0.951,-0.168,-0.624,-0.218,13.190930,0.162035,0.544553,7.183161,0.088237,48.154491,0.815832,0.000000,26.222674,0.444264
test.enc.prompt.txt::00769,Brrrr! She must,1.0,content_diversity,be freezing in that short skirt.,crazy diving in that lake.,have anti freeze in her blood staying out that long.,"get cold sometimes camping in this weather,",really like to get a tan sunbathing in this weather.,4.438,0.464,-0.049,0.946,-0.222,-0.623,-0.146,37.823524,0.921768,0.330982,12.518914,0.305089,77.249100,0.888046,0.000000,25.568079,0.293927
